Name;Version;Publisher;Install Date & Time;Uninstall;Registry Hive;Registry Path
7-Zip 18.05 (x64);18.05;Igor Pavlov;28/09/2018 10:34;"""C:\Program Files\7-Zip\Uninstall.exe""";HKEY_LOCAL_MACHINE;SOFTWARE\Microsoft\Windows\CurrentVersion\Uninstall\7-Zip
ADE Client v6.0 (remove only);6.0;;05/12/2018 13:55;"""C:\Program Files (x86)\ADE Client v6.0\ADE-uninst.exe""";HKEY_LOCAL_MACHINE;SOFTWARE\Wow6432Node\Microsoft\Windows\CurrentVersion\Uninstall\ADE Client v6.01
Adobe Acrobat 2017;17.011.30127;Adobe Systems Incorporated;25/02/2019 09:01;MsiExec.exe /qn /norestart /X{AC76BA86-1033-FFFF-7760-0E1108756300};HKEY_LOCAL_MACHINE;SOFTWARE\Wow6432Node\Microsoft\Windows\CurrentVersion\Uninstall\{AC76BA86-1033-FFFF-7760-0E1108756300}
Adobe Acrobat Reader 2017 MUI;17.011.30102;Adobe Systems Incorporated;19/11/2018 10:22;MsiExec.exe /qn /norestart /X{AC76BA86-7AD7-FFFF-7B44-AE1108756300};HKEY_LOCAL_MACHINE;SOFTWARE\Wow6432Node\Microsoft\Windows\CurrentVersion\Uninstall\{AC76BA86-7AD7-FFFF-7B44-AE1108756300}
Adobe Bridge CC 2018;8.0;Adobe Systems Incorporated;16/11/2018 12:01;"""C:\Program Files (x86)\Adobe\Adobe Creative Cloud\HDCore\Uninstaller.exe"" --uninstall=1 --sapCode=KBRG --productVersion=8.0 --productPlatform=win64 --productAdobeCode={KBRG-8.0-64-ADBEADBEADBEADBEADBEADBE} --productName=""Bridge CC"" --mode=0";HKEY_LOCAL_MACHINE;SOFTWARE\Wow6432Node\Microsoft\Windows\CurrentVersion\Uninstall\KBRG_8_0
Adobe Character Animator CC 2018;1.1.0;Adobe Systems Incorporated;16/11/2018 11:57;"""C:\Program Files (x86)\Adobe\Adobe Creative Cloud\HDCore\Uninstaller.exe"" --uninstall=1 --sapCode=CHAR --productVersion=1.1.0 --productPlatform=win64 --productAdobeCode={CHAR-1.1.0-64-ADBEADBEADBEADBEADBEAD} --productName=""Character Animator CC"" --mode=0";HKEY_LOCAL_MACHINE;SOFTWARE\Wow6432Node\Microsoft\Windows\CurrentVersion\Uninstall\CHAR_1_1_0
Adobe Creative Cloud;4.8.1.435;Adobe Systems Incorporated;15/03/2019 15:56;"""C:\Program Files (x86)\Adobe\Adobe Creative Cloud\Utils\Creative Cloud Uninstaller.exe""";HKEY_LOCAL_MACHINE;SOFTWARE\Wow6432Node\Microsoft\Windows\CurrentVersion\Uninstall\Adobe Creative Cloud
Adobe Dreamweaver CC 2018;18.0;Adobe Systems Incorporated;16/11/2018 11:58;"""C:\Program Files (x86)\Adobe\Adobe Creative Cloud\HDCore\Uninstaller.exe"" --uninstall=1 --sapCode=DRWV --productVersion=18.0 --productPlatform=win64 --productAdobeCode={DRWV-18.0-64-ADBEADBEADBEADBEADBEADB} --productName=""Dreamweaver CC"" --mode=0";HKEY_LOCAL_MACHINE;SOFTWARE\Wow6432Node\Microsoft\Windows\CurrentVersion\Uninstall\DRWV_18_0
Adobe ExtendScript Toolkit CC;4.0.0.0;Adobe Systems Incorporated;16/11/2018 11:49;"""C:\Program Files (x86)\Common Files\Adobe\OOBE\PDApp\core\PDApp.exe"" --appletID=""DWA_UI"" --appletVersion=""2.0"" --mode=""Uninstall"" --mediaSignature=""{6297487E-3778-4F72-B458-55690418DB98}""";HKEY_LOCAL_MACHINE;SOFTWARE\Wow6432Node\Microsoft\Windows\CurrentVersion\Uninstall\{6297487E-3778-4F72-B458-55690418DB98}
Adobe Extension Manager CC;7.3.2;Adobe Systems Incorporated;16/11/2018 12:06;"""C:\Program Files (x86)\Common Files\Adobe\OOBE\PDApp\core\PDApp.exe"" --appletID=""DWA_UI"" --appletVersion=""2.0"" --mode=""Uninstall"" --mediaSignature=""{244FD30F-63F1-49B9-9D98-1150FF4FFCB1}""";HKEY_LOCAL_MACHINE;SOFTWARE\Wow6432Node\Microsoft\Windows\CurrentVersion\Uninstall\{244FD30F-63F1-49B9-9D98-1150FF4FFCB1}
Adobe Fireworks CS6;12.0.1;Adobe Systems Incorporated;16/11/2018 12:07;"""C:\Program Files (x86)\Common Files\Adobe\OOBE\PDApp\core\PDApp.exe"" --appletID=""DWA_UI"" --appletVersion=""2.0"" --mode=""Uninstall"" --mediaSignature=""{CA7C485C-7A89-11E1-B2C8-CD54B377BC52}""";HKEY_LOCAL_MACHINE;SOFTWARE\Wow6432Node\Microsoft\Windows\CurrentVersion\Uninstall\{CA7C485C-7A89-11E1-B2C8-CD54B377BC52}
Adobe Flash Builder 4.7 (64 bits);4.7;Adobe Systems Incorporated;16/11/2018 11:49;"""C:\Program Files (x86)\Common Files\Adobe\OOBE\PDApp\core\PDApp.exe"" --appletID=""DWA_UI"" --appletVersion=""2.0"" --mode=""Uninstall"" --mediaSignature=""{848DE8E1-521D-4748-A158-517708107EF3}""";HKEY_LOCAL_MACHINE;SOFTWARE\Wow6432Node\Microsoft\Windows\CurrentVersion\Uninstall\{848DE8E1-521D-4748-A158-517708107EF3}
Adobe Flash Player 32 NPAPI;32.0.0.156;Adobe Systems Incorporated;12/03/2019 09:01;"""C:\windows\SysWOW64\Macromed\Flash\FlashUtil32_32_0_0_156_Plugin.exe"" -maintain plugin";HKEY_LOCAL_MACHINE;SOFTWARE\Wow6432Node\Microsoft\Windows\CurrentVersion\Uninstall\Adobe Flash Player NPAPI
Adobe Illustrator CC 2018;22.0.1;Adobe Systems Incorporated;16/11/2018 12:00;"""C:\Program Files (x86)\Adobe\Adobe Creative Cloud\HDCore\Uninstaller.exe"" --uninstall=1 --sapCode=ILST --productVersion=22.0.1 --productPlatform=win64 --productAdobeCode={ILST-22.0.1-64-ADBEADBEADBEADBEADBEA} --productName=""Illustrator CC"" --mode=0";HKEY_LOCAL_MACHINE;SOFTWARE\Wow6432Node\Microsoft\Windows\CurrentVersion\Uninstall\ILST_22_0_1
Adobe InCopy CC 2018;13.0.1;Adobe Systems Incorporated;16/11/2018 11:55;"""C:\Program Files (x86)\Adobe\Adobe Creative Cloud\HDCore\Uninstaller.exe"" --uninstall=1 --sapCode=AICY --productVersion=13.0.1 --productPlatform=win64 --productAdobeCode={AICY-13.0.1-64-ADBEADBEADBEADBEADBEA} --productName=""InCopy CC"" --mode=0";HKEY_LOCAL_MACHINE;SOFTWARE\Wow6432Node\Microsoft\Windows\CurrentVersion\Uninstall\AICY_13_0_1
Adobe InDesign CC 2018;13.0.1;Adobe Systems Incorporated;16/11/2018 12:00;"""C:\Program Files (x86)\Adobe\Adobe Creative Cloud\HDCore\Uninstaller.exe"" --uninstall=1 --sapCode=IDSN --productVersion=13.0.1 --productPlatform=win64 --productAdobeCode={IDSN-13.0.1-64-ADBEADBEADBEADBEADBEA} --productName=""InDesign CC"" --mode=0";HKEY_LOCAL_MACHINE;SOFTWARE\Wow6432Node\Microsoft\Windows\CurrentVersion\Uninstall\IDSN_13_0_1
Adobe Lightroom Classic CC;7.0.1;Adobe Systems Incorporated;16/11/2018 12:01;"""C:\Program Files (x86)\Adobe\Adobe Creative Cloud\HDCore\Uninstaller.exe"" --uninstall=1 --sapCode=LTRM --productVersion=7.0.1 --productPlatform=win64 --productAdobeCode={LTRM-7.0.1-64-ADBEADBEADBEADBEADBEAD} --productName=""Lightroom Classic CC"" --mode=0";HKEY_LOCAL_MACHINE;SOFTWARE\Wow6432Node\Microsoft\Windows\CurrentVersion\Uninstall\LTRM_7_0_1
Adobe Media Encoder CC 2018;12.0.0;Adobe Systems Incorporated;16/11/2018 11:56;"""C:\Program Files (x86)\Adobe\Adobe Creative Cloud\HDCore\Uninstaller.exe"" --uninstall=1 --sapCode=AME --productVersion=12.0.0 --productPlatform=win64 --productAdobeCode={AME-12.0.0-64-ADBEADBEADBEADBEADBEAD} --productName=""Media Encoder CC"" --mode=0";HKEY_LOCAL_MACHINE;SOFTWARE\Wow6432Node\Microsoft\Windows\CurrentVersion\Uninstall\AME_12_0_0
Adobe Muse CC 2018;2018.0.0.685;Adobe Systems Incorporated;16/11/2018 12:02;"""C:\Program Files (x86)\Adobe\Adobe Creative Cloud\HDCore\Uninstaller.exe"" --uninstall=1 --sapCode=MUSE --productVersion=2018.0 --productPlatform=win64 --productAdobeCode={MUSE-2018.0-64-ADBEADBEADBEADBEADBEA} --productName=""Muse CC"" --mode=0";HKEY_LOCAL_MACHINE;SOFTWARE\Wow6432Node\Microsoft\Windows\CurrentVersion\Uninstall\MUSE_2018_0
Adobe Photoshop CC 2018;19.0.1;Adobe Systems Incorporated;16/11/2018 12:03;"""C:\Program Files (x86)\Adobe\Adobe Creative Cloud\HDCore\Uninstaller.exe"" --uninstall=1 --sapCode=PHSP --productVersion=19.0.1 --productPlatform=win64 --productAdobeCode={PHSP-19.0.1-64-ADBEADBEADBEADBEADBEA} --productName=""Photoshop CC"" --mode=0";HKEY_LOCAL_MACHINE;SOFTWARE\Wow6432Node\Microsoft\Windows\CurrentVersion\Uninstall\PHSP_19_0_1
Adobe Prelude CC 2018;7.0.0;Adobe Systems Incorporated;16/11/2018 12:04;"""C:\Program Files (x86)\Adobe\Adobe Creative Cloud\HDCore\Uninstaller.exe"" --uninstall=1 --sapCode=PRLD --productVersion=7.0.0 --productPlatform=win64 --productAdobeCode={PRLD-7.0.0-64-ADBEADBEADBEADBEADBEAD} --productName=""Prelude CC"" --mode=0";HKEY_LOCAL_MACHINE;SOFTWARE\Wow6432Node\Microsoft\Windows\CurrentVersion\Uninstall\PRLD_7_0_0
Adobe Premiere Pro CC 2018;12.0.0;Adobe Systems Incorporated;16/11/2018 12:04;"""C:\Program Files (x86)\Adobe\Adobe Creative Cloud\HDCore\Uninstaller.exe"" --uninstall=1 --sapCode=PPRO --productVersion=12.0.0 --productPlatform=win64 --productAdobeCode={PPRO-12.0.0-64-ADBEADBEADBEADBEADBEA} --productName=""Premiere Pro CC"" --mode=0";HKEY_LOCAL_MACHINE;SOFTWARE\Wow6432Node\Microsoft\Windows\CurrentVersion\Uninstall\PPRO_12_0_0
Adobe SpeedGrade CC 2015;9.1.0;Adobe Systems Incorporated;16/11/2018 12:06;"""C:\Program Files (x86)\Common Files\Adobe\OOBE\PDApp\core\PDApp.exe"" --appletID=""DWA_UI"" --appletVersion=""2.0"" --mode=""Uninstall"" --mediaSignature=""{8FD7F1DB-7355-469E-A3F2-2118148D8477}""";HKEY_LOCAL_MACHINE;SOFTWARE\Wow6432Node\Microsoft\Windows\CurrentVersion\Uninstall\{8FD7F1DB-7355-469E-A3F2-2118148D8477}
Agent d'administration de Kaspersky Security Center 10;10.5.1781;AO Kaspersky Lab;28/09/2018 10:48;"MsiExec.exe /qn /norestart /X{2924BEDA-E0D7-4DAF-A224-50D2E0B12F5B} /l*v ""C:\windows\Temp\$klnagent-uninstall.log""";HKEY_LOCAL_MACHINE;SOFTWARE\Wow6432Node\Microsoft\Windows\CurrentVersion\Uninstall\InstallWIX_{2924BEDA-E0D7-4DAF-A224-50D2E0B12F5B}
AutoIt v3.3.14.5;3.3.14.5;AutoIt Team;02/10/2018 17:06;"""C:\Program Files (x86)\AutoIt3\Uninstall.exe""";HKEY_LOCAL_MACHINE;SOFTWARE\Wow6432Node\Microsoft\Windows\CurrentVersion\Uninstall\AutoItv3
Backup and Sync from Google;3.43.2448.9071;Google, Inc.;08/01/2019 14:17;MsiExec.exe /qn /norestart /X{693CADB0-962B-4AC1-A939-9524B258C997};HKEY_LOCAL_MACHINE;SOFTWARE\Microsoft\Windows\CurrentVersion\Uninstall\{693CADB0-962B-4AC1-A939-9524B258C997}
Battle.net;;Blizzard Entertainment;23/01/2019 21:32;"""C:\ProgramData\Battle.net\Agent\Blizzard Uninstaller.exe"" --lang=enGB --uid=battle.net --displayname=""Battle.net""";HKEY_LOCAL_MACHINE;SOFTWARE\Wow6432Node\Microsoft\Windows\CurrentVersion\Uninstall\Battle.net
Bomgar Jump Client 18.1.3 [assistance.u-ga.fr] [5BADEBB3];18.1.3;Bomgar;28/09/2018 10:52;"""C:\ProgramData\bomgar-scc-0x5badebb2\bomgar-scc.exe"" -pinned win32uninstall /no-spinner";HKEY_LOCAL_MACHINE;SOFTWARE\Microsoft\Windows\CurrentVersion\Uninstall\Bomgar Jump Client [assistance.u-ga.fr-5BADEBB3]
Bomgar Jump Client 18.1.4 [assistance.u-ga.fr] [5BB70CFC];18.1.4;Bomgar;10/10/2018 10:01;"""C:\ProgramData\bomgar-scc-0x5badebb2\bomgar-scc.exe"" -pinned win32uninstall /no-spinner";HKEY_LOCAL_MACHINE;SOFTWARE\Microsoft\Windows\CurrentVersion\Uninstall\Bomgar Jump Client [assistance.u-ga.fr-5BB70CFC]
Bomgar Jump Client 18.1.4 [assistance.u-ga.fr] [5BCDBEA7];18.1.4;Bomgar;22/10/2018 14:12;"""C:\ProgramData\bomgar-scc-0x5bcdbea3\bomgar-scc.exe"" -pinned win32uninstall /no-spinner";HKEY_LOCAL_MACHINE;SOFTWARE\Microsoft\Windows\CurrentVersion\Uninstall\Bomgar Jump Client [assistance.u-ga.fr-5BCDBEA7]
"Bomgar Jump Client 18.2.9 [assistance.u-ga.fr] [5C04DFB2]";18.2.9;Bomgar;17/12/2018 09:54;"""C:\ProgramData\bomgar-scc-0x5badebb2\bomgar-scc.exe"" -pinned win32uninstall /no-spinner";HKEY_LOCAL_MACHINE;SOFTWARE\Microsoft\Windows\CurrentVersion\Uninstall\Bomgar Jump Client [assistance.u-ga.fr-5C04DFB2]
"Bomgar Jump Client 18.2.9 [assistance.u-ga.fr] [5C04DFB3]";18.2.9;Bomgar;17/12/2018 09:30;"""C:\ProgramData\bomgar-scc-0x5bcdbea3\bomgar-scc.exe"" -pinned win32uninstall /no-spinner";HKEY_LOCAL_MACHINE;SOFTWARE\Microsoft\Windows\CurrentVersion\Uninstall\Bomgar Jump Client [assistance.u-ga.fr-5C04DFB3]
Bomgar Representative Console 18.1.4 [assistance.u-ga.fr];18.1.4;Bomgar Corporation;22/10/2018 14:37;"""C:\Program Files\Bomgar\Bomgar Representative Console\assistance.u-ga.fr\remove.exe""";HKEY_LOCAL_MACHINE;SOFTWARE\Microsoft\Windows\CurrentVersion\Uninstall\Bomgar Representative Console [assistance.u-ga.fr]
Bonjour;3.0.0.10;Apple Inc.;14/11/2018 10:50;MsiExec.exe /qn /norestart /X{6E3610B2-430D-4EB0-81E3-2B57E8B9DE8D};HKEY_LOCAL_MACHINE;SOFTWARE\Microsoft\Windows\CurrentVersion\Uninstall\{6E3610B2-430D-4EB0-81E3-2B57E8B9DE8D}
calibre;3.37.0;Kovid Goyal;07/01/2019 11:37;MsiExec.exe /qn /norestart /X{3E37ADF7-F356-460C-8653-2AE8342A9105};HKEY_LOCAL_MACHINE;SOFTWARE\Wow6432Node\Microsoft\Windows\CurrentVersion\Uninstall\{3E37ADF7-F356-460C-8653-2AE8342A9105}
Cisco AnyConnect Secure Mobility Client;4.7.00136;Cisco Systems, Inc.;24/01/2019 09:28;"""C:\Program Files (x86)\Cisco\Cisco AnyConnect Secure Mobility Client\Uninstall.exe"" -remove";HKEY_LOCAL_MACHINE;SOFTWARE\Wow6432Node\Microsoft\Windows\CurrentVersion\Uninstall\Cisco AnyConnect Secure Mobility Client
Classic Sticky Notes;1.0;Winaero;28/09/2018 10:43;"""C:\Program Files\Classic Sticky Notes\unins000.exe"" /SILENT";HKEY_LOCAL_MACHINE;SOFTWARE\Microsoft\Windows\CurrentVersion\Uninstall\Classic Sticky Notes_is1
Composer - Php Dependency Manager;;getcomposer.org;11/03/2019 15:31;"""C:\Program Files (x86)\ComposerSetup\unins000.exe"" /SILENT";HKEY_LOCAL_MACHINE;SOFTWARE\Wow6432Node\Microsoft\Windows\CurrentVersion\Uninstall\{7315AF68-E777-496A-A6A2-4763A98ED35A}_is1
Darkest Dungeon®;;Red Hook Studios;19/12/2018 16:23;"""C:\Program Files (x86)\Steam\steam.exe"" steam://uninstall/262060";HKEY_LOCAL_MACHINE;SOFTWARE\Microsoft\Windows\CurrentVersion\Uninstall\Steam App 262060
Dell Touchpad;10.2207.101.108;ALPS ELECTRIC CO., LTD.;28/09/2018 11:00;"""C:\Program Files\DellTPad\Uninstap.exe"" ADDREMOVE";HKEY_LOCAL_MACHINE;SOFTWARE\Microsoft\Windows\CurrentVersion\Uninstall\{9F72EF8B-AEC9-4CA5-B483-143980AFD6FD}
Discord;0.0.305;Discord Inc.;13/03/2019 08:51;"""C:\Users\schoderg\AppData\Local\Discord\Update.exe"" --uninstall -s";HKEY_USERS;S-1-5-21-2901163039-3281240111-3707936290-143659\SOFTWARE\Microsoft\Windows\CurrentVersion\Uninstall\Discord
Divinity: Original Sin 2;;Larian Studios;24/01/2019 08:35;"""C:\Program Files (x86)\Steam\steam.exe"" steam://uninstall/435150";HKEY_LOCAL_MACHINE;SOFTWARE\Microsoft\Windows\CurrentVersion\Uninstall\Steam App 435150
Epic Battle Fantasy 5;;Matt Roszak;18/12/2018 09:10;"""C:\Program Files (x86)\Steam\steam.exe"" steam://uninstall/432350";HKEY_LOCAL_MACHINE;SOFTWARE\Microsoft\Windows\CurrentVersion\Uninstall\Steam App 432350
FileMaker Pro 16 (x64);16.0.1.162;FileMaker, Inc.;14/11/2018 10:48;"""C:\Program Files\FileMaker\FileMaker Pro 16\Setup\Uninstall.exe"" {361B97E8-0752-4BFD-9EAE-891CE9B4F9E3} ""FileMaker Pro 16""";HKEY_LOCAL_MACHINE;SOFTWARE\Microsoft\Windows\CurrentVersion\Uninstall\{361B97E8-0752-4BFD-9EAE-891CE9B4F9E3}_FileMaker
FreeMind;1.0.1;;06/12/2018 16:09;"""C:\Program Files (x86)\FreeMind\unins000.exe"" /SILENT";HKEY_LOCAL_MACHINE;SOFTWARE\Wow6432Node\Microsoft\Windows\CurrentVersion\Uninstall\B991B020-2968-11D8-AF23-444553540000_is1
Freeplane;1.6.12;Open source;19/12/2018 15:00;"""C:\Program Files\Freeplane\unins000.exe"" /SILENT";HKEY_LOCAL_MACHINE;SOFTWARE\Microsoft\Windows\CurrentVersion\Uninstall\{D3941722-C4DD-4509-88C4-0E87F675A859}_is1
FusionInventory Agent 2.3.20 (x64 edition);2.3.20;FusionInventory Team;28/09/2018 10:34;"""C:\Program Files\FusionInventory-Agent\Uninstall.exe""";HKEY_LOCAL_MACHINE;SOFTWARE\Microsoft\Windows\CurrentVersion\Uninstall\FusionInventory-Agent
GanttProject;;;06/11/2018 13:50;"""C:\Program Files (x86)\GanttProject-2.8\uninstall.exe""";HKEY_LOCAL_MACHINE;SOFTWARE\Wow6432Node\Microsoft\Windows\CurrentVersion\Uninstall\GanttProject
Git version 2.21.0;2.21.0;The Git Development Community;11/03/2019 15:52;"""C:\Program Files\Git\unins000.exe"" /SILENT";HKEY_LOCAL_MACHINE;SOFTWARE\Microsoft\Windows\CurrentVersion\Uninstall\Git_is1
Google Chrome;72.0.3626.121;Google Inc.;05/03/2019 08:49;"""C:\Program Files (x86)\Google\Chrome\Application\72.0.3626.121\Installer\setup.exe"" --uninstall --system-level --verbose-logging";HKEY_LOCAL_MACHINE;SOFTWARE\Wow6432Node\Microsoft\Windows\CurrentVersion\Uninstall\Google Chrome
Greenshot 1.2.9.129;1.2.9.129;Greenshot;28/09/2018 10:36;"""C:\Program Files\Greenshot\unins000.exe"" /SILENT";HKEY_LOCAL_MACHINE;SOFTWARE\Microsoft\Windows\CurrentVersion\Uninstall\Greenshot_is1
IBM SPSS Statistics 25;25.0.0.0;IBM Corp;23/11/2018 11:51;MsiExec.exe /qn /norestart /X{C2D1E17D-CB8A-4742-84FA-1DB5C6A1ABDD};HKEY_LOCAL_MACHINE;SOFTWARE\Microsoft\Windows\CurrentVersion\Uninstall\{C2D1E17D-CB8A-4742-84FA-1DB5C6A1ABDD}
Intel(R) Processor Graphics;24.20.100.6286;Intel Corporation;23/01/2019 11:34;"""C:\Program Files (x86)\Intel\Intel(R) Processor Graphics\Uninstall\igxpin.exe"" -uninstall";HKEY_LOCAL_MACHINE;SOFTWARE\Wow6432Node\Microsoft\Windows\CurrentVersion\Uninstall\{F0E3AD40-2BBD-4360-9C76-B9AC9A5886EA}
Java 8 Update 181 (64-bit);8.0.1810.13;Oracle Corporation;04/12/2018 16:43;MsiExec.exe /qn /norestart /X{26A24AE4-039D-4CA4-87B4-2F64180181F0};HKEY_LOCAL_MACHINE;SOFTWARE\Microsoft\Windows\CurrentVersion\Uninstall\{26A24AE4-039D-4CA4-87B4-2F64180181F0}
Kaspersky Endpoint Security for Windows;11.0.0.6499;AO Kaspersky Lab;28/09/2018 10:50;MsiExec.exe /qn /norestart /X {E7012AFE-DB97-4B8B-9513-E98C0C3AACE3};HKEY_LOCAL_MACHINE;SOFTWARE\Wow6432Node\Microsoft\Windows\CurrentVersion\Uninstall\{E7012AFE-DB97-4B8B-9513-E98C0C3AACE3}
League of Legends;1.0;Riot Games, Inc;23/01/2019 20:07;"""C:\Riot Games\League of Legends\Uninstall League of Legends.exe""";HKEY_LOCAL_MACHINE;SOFTWARE\Wow6432Node\Microsoft\Windows\CurrentVersion\Uninstall\League of Legends 1.0
LibreOffice 6.0.6.2;6.0.6.2;The Document Foundation;28/09/2018 10:38;MsiExec.exe /qn /norestart /X{31CEDF30-0453-42EB-B6F8-252CB804F03E};HKEY_LOCAL_MACHINE;SOFTWARE\Wow6432Node\Microsoft\Windows\CurrentVersion\Uninstall\{31CEDF30-0453-42EB-B6F8-252CB804F03E}
MathType 7;7.4.1;WIRIS;19/02/2019 14:26;"""C:\Program Files (x86)\MathType\Setup.exe"" -R";HKEY_LOCAL_MACHINE;SOFTWARE\Wow6432Node\Microsoft\Windows\CurrentVersion\Uninstall\DSMT7
Mendeley Desktop 1.19.3;1.19.3;Mendeley Ltd.;24/01/2019 14:07;"""C:\Program Files (x86)\Mendeley Desktop\Uninstaller.exe""";HKEY_LOCAL_MACHINE;SOFTWARE\Wow6432Node\Microsoft\Windows\CurrentVersion\Uninstall\Mendeley Desktop
Microsoft Office Standard 2016;16.0.4266.1001;Microsoft Corporation;14/12/2018 10:48;"""C:\Program Files\Common Files\Microsoft Shared\OFFICE16\Office Setup Controller\setup.exe"" /uninstall STANDARD /dll OSETUP.DLL";HKEY_LOCAL_MACHINE;SOFTWARE\Microsoft\Windows\CurrentVersion\Uninstall\Office16.STANDARD
Microsoft redistributable runtime DLLs VS2005 SP1(x86);8.0.50727.4053;SAP;08/10/2018 11:47;MsiExec.exe /qn /norestart /X{CEC7A786-A9C8-4EF7-BB59-6518E3B3C878};HKEY_LOCAL_MACHINE;SOFTWARE\Wow6432Node\Microsoft\Windows\CurrentVersion\Uninstall\{CEC7A786-A9C8-4EF7-BB59-6518E3B3C878}
Microsoft redistributable runtime DLLs VS2010 SP1 (x86);10.0.40219.1;SAP;08/10/2018 11:47;MsiExec.exe /qn /norestart /X{2385C070-EC26-4AB9-8718-E605C977C0ED};HKEY_LOCAL_MACHINE;SOFTWARE\Wow6432Node\Microsoft\Windows\CurrentVersion\Uninstall\{2385C070-EC26-4AB9-8718-E605C977C0ED}
Microsoft Silverlight;5.1.50907.0;Microsoft Corporation;28/09/2018 10:20;MsiExec.exe /qn /norestart /X{89F4137D-6C26-4A84-BDB8-2E5A4BB71E00};HKEY_LOCAL_MACHINE;SOFTWARE\Microsoft\Windows\CurrentVersion\Uninstall\{89F4137D-6C26-4A84-BDB8-2E5A4BB71E00}
Microsoft Visual C++ 2005 Redistributable;8.0.56336;Microsoft Corporation;15/03/2019 15:53;MsiExec.exe /qn /norestart /X{7299052b-02a4-4627-81f2-1818da5d550d};HKEY_LOCAL_MACHINE;SOFTWARE\Wow6432Node\Microsoft\Windows\CurrentVersion\Uninstall\{7299052b-02a4-4627-81f2-1818da5d550d}
Microsoft Visual C++ 2005 Redistributable (x64);8.0.61000;Microsoft Corporation;16/11/2018 15:47;MsiExec.exe /qn /norestart /X{ad8a2fa1-06e7-4b0d-927d-6e54b3d31028};HKEY_LOCAL_MACHINE;SOFTWARE\Microsoft\Windows\CurrentVersion\Uninstall\{ad8a2fa1-06e7-4b0d-927d-6e54b3d31028}
Microsoft Visual C++ 2005 Redistributable (x64);8.0.56336;Microsoft Corporation;15/03/2019 15:53;MsiExec.exe /qn /norestart /X{071c9b48-7c32-4621-a0ac-3f809523288f};HKEY_LOCAL_MACHINE;SOFTWARE\Microsoft\Windows\CurrentVersion\Uninstall\{071c9b48-7c32-4621-a0ac-3f809523288f}
Microsoft Visual C++ 2008 Redistributable - x64 9.0.30729.17;9.0.30729;Microsoft Corporation;23/11/2018 16:22;MsiExec.exe /qn /norestart /X{8220EEFE-38CD-377E-8595-13398D740ACE};HKEY_LOCAL_MACHINE;SOFTWARE\Microsoft\Windows\CurrentVersion\Uninstall\{8220EEFE-38CD-377E-8595-13398D740ACE}
Microsoft Visual C++ 2008 Redistributable - x86 9.0.30729.17;9.0.30729;Microsoft Corporation;15/03/2019 15:53;MsiExec.exe /qn /norestart /X{9A25302D-30C0-39D9-BD6F-21E6EC160475};HKEY_LOCAL_MACHINE;SOFTWARE\Wow6432Node\Microsoft\Windows\CurrentVersion\Uninstall\{9A25302D-30C0-39D9-BD6F-21E6EC160475}
Microsoft Visual C++ 2010  x64 Redistributable - 10.0.40219;10.0.40219;Microsoft Corporation;15/03/2019 15:53;MsiExec.exe /qn /norestart /X{1D8E6291-B0D5-35EC-8441-6616F567A0F7};HKEY_LOCAL_MACHINE;SOFTWARE\Microsoft\Windows\CurrentVersion\Uninstall\{1D8E6291-B0D5-35EC-8441-6616F567A0F7}
Microsoft Visual C++ 2010  x86 Redistributable - 10.0.40219;10.0.40219;Microsoft Corporation;10/01/2019 16:52;MsiExec.exe /qn /norestart /X{F0C3E5D1-1ADE-321E-8167-68EF0DE699A5};HKEY_LOCAL_MACHINE;SOFTWARE\Wow6432Node\Microsoft\Windows\CurrentVersion\Uninstall\{F0C3E5D1-1ADE-321E-8167-68EF0DE699A5}
Microsoft Visual C++ 2012 Redistributable (x64) - 11.0.61030;11.0.61030.0;Microsoft Corporation;15/03/2019 15:54;"""C:\ProgramData\Package Cache\{ca67548a-5ebe-413a-b50c-4b9ceb6d66c6}\vcredist_x64.exe"" /uninstall /quiet";HKEY_LOCAL_MACHINE;SOFTWARE\Wow6432Node\Microsoft\Windows\CurrentVersion\Uninstall\{ca67548a-5ebe-413a-b50c-4b9ceb6d66c6}
Microsoft Visual C++ 2012 Redistributable (x86) - 11.0.61030;11.0.61030.0;Microsoft Corporation;15/03/2019 15:53;"""C:\ProgramData\Package Cache\{33d1fd90-4274-48a1-9bc1-97e33d9c2d6f}\vcredist_x86.exe"" /uninstall /quiet";HKEY_LOCAL_MACHINE;SOFTWARE\Wow6432Node\Microsoft\Windows\CurrentVersion\Uninstall\{33d1fd90-4274-48a1-9bc1-97e33d9c2d6f}
Microsoft Visual C++ 2013 Redistributable (x64) - 12.0.30501;12.0.30501.0;Microsoft Corporation;19/12/2018 16:26;"""C:\ProgramData\Package Cache\{050d4fc8-5d48-4b8f-8972-47c82c46020f}\vcredist_x64.exe"" /uninstall /quiet";HKEY_LOCAL_MACHINE;SOFTWARE\Wow6432Node\Microsoft\Windows\CurrentVersion\Uninstall\{050d4fc8-5d48-4b8f-8972-47c82c46020f}
Microsoft Visual C++ 2013 Redistributable (x64) - 12.0.40660;12.0.40660.0;Microsoft Corporation;15/03/2019 15:54;"""C:\ProgramData\Package Cache\{ef6b00ec-13e1-4c25-9064-b2f383cb8412}\vcredist_x64.exe"" /uninstall /quiet";HKEY_LOCAL_MACHINE;SOFTWARE\Wow6432Node\Microsoft\Windows\CurrentVersion\Uninstall\{ef6b00ec-13e1-4c25-9064-b2f383cb8412}
Microsoft Visual C++ 2013 Redistributable (x86) - 12.0.30501;12.0.30501.0;Microsoft Corporation;19/12/2018 16:26;"""C:\ProgramData\Package Cache\{f65db027-aff3-4070-886a-0d87064aabb1}\vcredist_x86.exe"" /uninstall /quiet";HKEY_LOCAL_MACHINE;SOFTWARE\Wow6432Node\Microsoft\Windows\CurrentVersion\Uninstall\{f65db027-aff3-4070-886a-0d87064aabb1}
Microsoft Visual C++ 2013 Redistributable (x86) - 12.0.40660;12.0.40660.0;Microsoft Corporation;15/03/2019 15:54;"""C:\ProgramData\Package Cache\{61087a79-ac85-455c-934d-1fa22cc64f36}\vcredist_x86.exe"" /uninstall /quiet";HKEY_LOCAL_MACHINE;SOFTWARE\Wow6432Node\Microsoft\Windows\CurrentVersion\Uninstall\{61087a79-ac85-455c-934d-1fa22cc64f36}
Microsoft Visual C++ 2017 Redistributable (x64) - 14.15.26706;14.15.26706.0;Microsoft Corporation;15/03/2019 15:55;"""C:\ProgramData\Package Cache\{95ac1cfa-f4fb-4d1b-8912-7f9d5fbb140d}\VC_redist.x64.exe"" /uninstall /quiet";HKEY_LOCAL_MACHINE;SOFTWARE\Wow6432Node\Microsoft\Windows\CurrentVersion\Uninstall\{95ac1cfa-f4fb-4d1b-8912-7f9d5fbb140d}
Microsoft Visual C++ 2017 Redistributable (x86) - 14.15.26706;14.15.26706.0;Microsoft Corporation;15/03/2019 15:54;"""C:\ProgramData\Package Cache\{7e9fae12-5bbf-47fb-b944-09c49e75c061}\VC_redist.x86.exe"" /uninstall /quiet";HKEY_LOCAL_MACHINE;SOFTWARE\Wow6432Node\Microsoft\Windows\CurrentVersion\Uninstall\{7e9fae12-5bbf-47fb-b944-09c49e75c061}
Mozilla Firefox 60.5.2 ESR (x64 fr);60.5.2;Mozilla;05/03/2019 17:14;"""C:\Program Files\Mozilla Firefox\uninstall\helper.exe""";HKEY_LOCAL_MACHINE;SOFTWARE\Microsoft\Windows\CurrentVersion\Uninstall\Mozilla Firefox 60.5.2 ESR (x64 fr)
Mozilla Maintenance Service;60.5.2.6991;Mozilla;05/03/2019 17:14;"""C:\Program Files (x86)\Mozilla Maintenance Service\uninstall.exe""";HKEY_LOCAL_MACHINE;SOFTWARE\Wow6432Node\Microsoft\Windows\CurrentVersion\Uninstall\MozillaMaintenanceService
MTG Arena;0.1.964.0;Wizards of the Coast;14/12/2018 10:32;MsiExec.exe /qn /norestart /X {B418249C-5F1D-4E3B-8ABC-4081B2B6AFEE} AI_UNINSTALLER_CTP=1;HKEY_LOCAL_MACHINE;SOFTWARE\Wow6432Node\Microsoft\Windows\CurrentVersion\Uninstall\MTG Arena 0.1.964.0
Mumble 1.2.19;1.2.19;Thorvald Natvig;04/02/2019 11:49;MsiExec.exe /qn /norestart /X{9BCF5203-72BB-4425-A391-83BF298EF376};HKEY_LOCAL_MACHINE;SOFTWARE\Wow6432Node\Microsoft\Windows\CurrentVersion\Uninstall\{9BCF5203-72BB-4425-A391-83BF298EF376}
Nextcloud;2.5.0.61560;Nextcloud GmbH;03/12/2018 16:46;"""C:\Program Files (x86)\Nextcloud\Uninstall.exe""";HKEY_LOCAL_MACHINE;SOFTWARE\Wow6432Node\Microsoft\Windows\CurrentVersion\Uninstall\Nextcloud
Notepad++ (64-bit x64);7.5.8;Notepad++ Team;28/09/2018 10:40;"""C:\Program Files\Notepad++\uninstall.exe""";HKEY_LOCAL_MACHINE;SOFTWARE\Microsoft\Windows\CurrentVersion\Uninstall\Notepad++
Nox APP Player;6.2.0.0;Duodian Technology Co. Ltd.;18/10/2018 13:37;"""C:\Program Files (x86)\Nox\bin\Nox_unload.exe""";HKEY_LOCAL_MACHINE;SOFTWARE\Wow6432Node\Microsoft\Windows\CurrentVersion\Uninstall\Nox
PDFCreator;3.2.0;pdfforge GmbH;28/09/2018 10:35;"""C:\Program Files\PDFCreator\unins000.exe""";HKEY_LOCAL_MACHINE;SOFTWARE\Microsoft\Windows\CurrentVersion\Uninstall\{0001B4FD-9EA3-4D90-A79E-FD14BA3AB01D}
PuTTY release 0.70 (64-bit);0.70.0.0;Simon Tatham;13/12/2018 15:12;MsiExec.exe /qn /norestart /X{45B3032F-22CC-40CD-9E97-4DA7095FA5A2};HKEY_LOCAL_MACHINE;SOFTWARE\Microsoft\Windows\CurrentVersion\Uninstall\{45B3032F-22CC-40CD-9E97-4DA7095FA5A2}
Realtek Audio COM Components;1.0.2;Realtek Semiconductor Corp.;28/09/2018 11:00;MsiExec.exe /qn /norestart /X{2355B503-9B11-4449-861D-1C1748B26320};HKEY_LOCAL_MACHINE;SOFTWARE\Wow6432Node\Microsoft\Windows\CurrentVersion\Uninstall\{2355B503-9B11-4449-861D-1C1748B26320}
Realtek Card Reader;10.0.14393.21292;Realtek Semiconductor Corp.;28/09/2018 11:00;"""C:\windows\RtCRU64.exe"" /u";HKEY_LOCAL_MACHINE;SOFTWARE\Wow6432Node\Microsoft\Windows\CurrentVersion\Uninstall\{5BC2B5AB-80DE-4E83-B8CF-426902051D0A}
Realtek High Definition Audio Driver;6.0.1.8059;Realtek Semiconductor Corp.;28/09/2018 11:00;"""C:\Program Files\Realtek\Audio\HDA\RtlUpd64.exe"" -r -m -nrg2709";HKEY_LOCAL_MACHINE;SOFTWARE\Wow6432Node\Microsoft\Windows\CurrentVersion\Uninstall\{F132AF7F-7BCA-4EDE-8A7C-958108FE7DBC}
Realtek USB Audio;6.3.9600.85;Realtek Semiconductor Corp.;28/09/2018 11:01;"""C:\windows\system32\rundll32.exe"" RtSetupAPI64.dll RealtekUSBAudioInstaller -r -m";HKEY_LOCAL_MACHINE;SOFTWARE\Microsoft\Windows\CurrentVersion\Uninstall\{0A46A65D-89AC-464C-8026-3CD44960BD04}
Robocraft;;Freejam;13/03/2019 13:00;"""C:\Program Files (x86)\Steam\steam.exe"" steam://uninstall/301520";HKEY_LOCAL_MACHINE;SOFTWARE\Microsoft\Windows\CurrentVersion\Uninstall\Steam App 301520
SAP GUI for Windows 7.50  (Patch 3);7.50 Compilation 1;SAP SE;10/01/2019 16:52;"""C:\Program Files (x86)\SAP\SAPsetup\setup\NwSapSetup.exe"" /uninstall /product=""SCRIPTED+SCE+ECL+SAPDTS+KW+GUIISHMED+JNet+NWBCGUI+SAPGUI"" /TitleComponent:""SAPGUI"" /IgnoreMissingProducts";HKEY_LOCAL_MACHINE;SOFTWARE\Wow6432Node\Microsoft\Windows\CurrentVersion\Uninstall\SAPGUI
Skype version 8.40;8.40;Skype Technologies S.A.;05/03/2019 14:19;"""C:\Program Files (x86)\Microsoft\Skype for Desktop\unins000.exe"" /SILENT";HKEY_LOCAL_MACHINE;SOFTWARE\Wow6432Node\Microsoft\Windows\CurrentVersion\Uninstall\Skype_is1
SphinxIQ2;7.3.3.4;Le Sphinx Développement;28/11/2018 14:24;MsiExec.exe /qn /norestart /X{D3204228-DB21-457A-B0A0-F9DCB78903F6};HKEY_LOCAL_MACHINE;SOFTWARE\Wow6432Node\Microsoft\Windows\CurrentVersion\Uninstall\{D3204228-DB21-457A-B0A0-F9DCB78903F6}
Steam;2.10.91.91;Valve Corporation;31/10/2018 09:26;"""C:\Program Files (x86)\Steam\uninstall.exe""";HKEY_LOCAL_MACHINE;SOFTWARE\Wow6432Node\Microsoft\Windows\CurrentVersion\Uninstall\Steam
TKD_7zip_18.05;1;;28/09/2018 10:34;;HKEY_LOCAL_MACHINE;SOFTWARE\Wow6432Node\Microsoft\Windows\CurrentVersion\Uninstall\TKD_7zip_18.05
TKD_AdobeReader;1;;12/11/2018 14:12;;HKEY_LOCAL_MACHINE;SOFTWARE\Wow6432Node\Microsoft\Windows\CurrentVersion\Uninstall\TKD_AdobeReader
TKD_AdobeReader_DC;1;;28/09/2018 10:36;;HKEY_LOCAL_MACHINE;SOFTWARE\Wow6432Node\Microsoft\Windows\CurrentVersion\Uninstall\TKD_AdobeReader_DC
TKD_bomgar-console;1;;28/09/2018 10:33;;HKEY_LOCAL_MACHINE;SOFTWARE\Wow6432Node\Microsoft\Windows\CurrentVersion\Uninstall\TKD_bomgar-console
TKD_CopieurCanon_V4;1;;28/09/2018 10:40;;HKEY_LOCAL_MACHINE;SOFTWARE\Wow6432Node\Microsoft\Windows\CurrentVersion\Uninstall\TKD_CopieurCanon_V4
TKD_Firefox_5208ESR;1;;28/09/2018 10:35;;HKEY_LOCAL_MACHINE;SOFTWARE\Wow6432Node\Microsoft\Windows\CurrentVersion\Uninstall\TKD_Firefox_5208ESR
TKD_flashplayer_v310108;1;;28/09/2018 10:41;;HKEY_LOCAL_MACHINE;SOFTWARE\Wow6432Node\Microsoft\Windows\CurrentVersion\Uninstall\TKD_flashplayer_v310108
TKD_FWAddPing;1;;28/09/2018 10:41;;HKEY_LOCAL_MACHINE;SOFTWARE\Wow6432Node\Microsoft\Windows\CurrentVersion\Uninstall\TKD_FWAddPing
TKD_FWAddPsexec;1;;28/09/2018 10:41;;HKEY_LOCAL_MACHINE;SOFTWARE\Wow6432Node\Microsoft\Windows\CurrentVersion\Uninstall\TKD_FWAddPsexec
TKD_greenShot_1.2.9.129;1;;28/09/2018 10:37;;HKEY_LOCAL_MACHINE;SOFTWARE\Wow6432Node\Microsoft\Windows\CurrentVersion\Uninstall\TKD_greenShot_1.2.9.129
TKD_jre_18181_peda;1;;28/09/2018 10:47;;HKEY_LOCAL_MACHINE;SOFTWARE\Wow6432Node\Microsoft\Windows\CurrentVersion\Uninstall\TKD_jre_18181_peda
TKD_Kaspersky_11.0.0;1;;28/09/2018 10:50;;HKEY_LOCAL_MACHINE;SOFTWARE\Wow6432Node\Microsoft\Windows\CurrentVersion\Uninstall\TKD_Kaspersky_11.0.0
TKD_LibreOffice_6.0.6_v1;1;;28/09/2018 10:38;;HKEY_LOCAL_MACHINE;SOFTWARE\Wow6432Node\Microsoft\Windows\CurrentVersion\Uninstall\TKD_LibreOffice_6.0.6_v1
TKD_notepad++_7.5.8;1;;28/09/2018 10:41;;HKEY_LOCAL_MACHINE;SOFTWARE\Wow6432Node\Microsoft\Windows\CurrentVersion\Uninstall\TKD_notepad++_7.5.8
TKD_pdfCreator_3.2.0;1;;28/09/2018 10:36;;HKEY_LOCAL_MACHINE;SOFTWARE\Wow6432Node\Microsoft\Windows\CurrentVersion\Uninstall\TKD_pdfCreator_3.2.0
TKD_Silverlight_5.1;1;;28/09/2018 10:41;;HKEY_LOCAL_MACHINE;SOFTWARE\Wow6432Node\Microsoft\Windows\CurrentVersion\Uninstall\TKD_Silverlight_5.1
TKD_vlc_3.0_4;1;;28/09/2018 10:39;;HKEY_LOCAL_MACHINE;SOFTWARE\Wow6432Node\Microsoft\Windows\CurrentVersion\Uninstall\TKD_vlc_3.0_4
TKD_windirstat_1.1.2;1;;28/09/2018 10:41;;HKEY_LOCAL_MACHINE;SOFTWARE\Wow6432Node\Microsoft\Windows\CurrentVersion\Uninstall\TKD_windirstat_1.1.2
TKD-setup;5.3;;28/09/2018 10:34;;HKEY_LOCAL_MACHINE;SOFTWARE\Wow6432Node\Microsoft\Windows\CurrentVersion\Uninstall\TKD-setup
TurningPoint;8.5.4.5;Turning Technologies;09/10/2018 10:22;MsiExec.exe /qn /norestart /X{268cd4a2-b09d-4e6a-aa80-810dd2c487b5};HKEY_LOCAL_MACHINE;SOFTWARE\Wow6432Node\Microsoft\Windows\CurrentVersion\Uninstall\{268cd4a2-b09d-4e6a-aa80-810dd2c487b5}
VLC media player;3.0.4;VideoLAN;28/09/2018 10:39;"""C:\Program Files\VideoLAN\VLC\uninstall.exe""";HKEY_LOCAL_MACHINE;SOFTWARE\Microsoft\Windows\CurrentVersion\Uninstall\VLC media player
Vulkan Run Time Libraries 1.0.33.0;1.0.33.0;LunarG, Inc.;28/09/2018 11:00;"""C:\Program Files (x86)\VulkanRT\1.0.33.0\UninstallVulkanRT.exe""";HKEY_LOCAL_MACHINE;SOFTWARE\Microsoft\Windows\CurrentVersion\Uninstall\VulkanRT1.0.33.0
Wampserver64 3.1.7;3.1.7;Dominique Ottello aka Otomatic;13/02/2019 12:01;"""c:\wamp64\unins000.exe"" /SILENT";HKEY_LOCAL_MACHINE;SOFTWARE\Microsoft\Windows\CurrentVersion\Uninstall\{wampserver64}_is1
WhatsApp;0.3.2386;WhatsApp;11/03/2019 09:01;"""C:\Users\schoderg\AppData\Local\WhatsApp\Update.exe"" --uninstall -s";HKEY_USERS;S-1-5-21-2901163039-3281240111-3707936290-143659\SOFTWARE\Microsoft\Windows\CurrentVersion\Uninstall\WhatsApp
XMind 8 Update 8 (v3.7.8);3.7.8.201807240049;XMind Ltd.;16/11/2018 14:20;"""C:\Program Files (x86)\XMind\unins000.exe"" /SILENT";HKEY_LOCAL_MACHINE;SOFTWARE\Wow6432Node\Microsoft\Windows\CurrentVersion\Uninstall\XMind_is1